Date,Name,Year,Letterboxd URI
2022-02-23,The Game,1997,https://boxd.it/26vC
2022-02-23,Brazil,1985,https://boxd.it/2be2
2022-02-23,El Topo,1970,https://boxd.it/1QYS
2022-02-23,Persona,1966,https://boxd.it/29B4
2022-02-23,La Jetée,1962,https://boxd.it/29Sk
2022-02-23,Rashomon,1950,https://boxd.it/2a9K
2022-02-23,The Quiet Earth,1985,https://boxd.it/1WTE
2022-02-23,Once Upon a Time in America,1984,https://boxd.it/2aCs
2022-02-23,Serpico,1973,https://boxd.it/1ZjE
2022-02-23,Arlington Road,1999,https://boxd.it/295C
2022-02-23,The Usual Suspects,1995,https://boxd.it/29XE
2022-02-23,Angel Heart,1987,https://boxd.it/29WG
2022-02-23,The Adventures of Baron Munchausen,1988,https://boxd.it/1NXs
2022-02-23,Triangle,2009,https://boxd.it/1tQG
2022-02-23,Enter the Void,2009,https://boxd.it/1dy2
2022-02-23,Pandorum,2009,https://boxd.it/1Eo4
2022-02-23,The Fall,2006,https://boxd.it/1NoM
2022-02-23,Pan's Labyrinth,2006,https://boxd.it/28No
2022-02-23,Stranger Than Fiction,2006,https://boxd.it/28Za
2022-02-23,Funky Forest: The First Contact,2005,https://boxd.it/1Cow
2022-02-23,Survive Style 5+,2004,https://boxd.it/1KKA
2022-02-23,Identity,2003,https://boxd.it/26e2
2022-02-23,Groundhog Day,1993,https://boxd.it/2b3e
2022-02-23,Time Bandits,1981,https://boxd.it/19KI
2022-02-23,Hard Candy,2005,https://boxd.it/26vs
2022-02-23,Funny Games,2007,https://boxd.it/207a
2022-02-23,Funny Games,1997,https://boxd.it/1WKM
2022-02-23,The Ninth Gate,1999,https://boxd.it/29YM
2022-02-23,The Mothman Prophecies,2002,https://boxd.it/26xo
2022-02-23,Begotten,1989,https://boxd.it/28Ie
2022-02-23,Big Fish,2003,https://boxd.it/2a3M
2022-02-23,Unknown,2011,https://boxd.it/JbW
2022-02-23,The Fountain,2006,https://boxd.it/28RU
2022-02-23,Revolver,2005,https://boxd.it/1VeA
2022-02-23,Tideland,2005,https://boxd.it/1Tyy
2022-02-23,The City of Lost Children,1995,https://boxd.it/29k8
2022-02-23,High Tension,2003,https://boxd.it/1WLU
2022-02-23,Timecrimes,2007,https://boxd.it/1OGM
2022-02-23,Spider Forest,2004,https://boxd.it/1Bni
2022-02-23,In the Mouth of Madness,1994,https://boxd.it/26vi
2022-02-23,Gozu,2003,https://boxd.it/1RTa
2022-02-23,Izo,2004,https://boxd.it/1REO
2022-02-23,Mr. Nobody,2009,https://boxd.it/1k44
2022-02-23,MirrorMask,2005,https://boxd.it/1NWk
2022-02-23,Stay,2005,https://boxd.it/20BE
2022-02-23,The Dark Hours,2005,https://boxd.it/1HFi
2022-02-23,Irreversible,2002,https://boxd.it/29as
2022-02-23,Slaughterhouse-Five,1972,https://boxd.it/1xrU
2022-02-23,Nineteen Eighty-Four,1954,https://boxd.it/2JQE
2022-02-23,Koyaanisqatsi,1982,https://boxd.it/1U9E
2022-02-23,The Big Short,2015,https://boxd.it/ajZw
2022-02-23,The Foreigner,2017,https://boxd.it/dbRg
2022-02-23,Raising Arizona,1987,https://boxd.it/2avQ
2022-02-23,Uncut Gems,2019,https://boxd.it/gXGc
2022-02-23,Natural Born Killers,1994,https://boxd.it/2aNg
2022-02-23,High Anxiety,1977,https://boxd.it/1RLK
2022-02-23,Last Life in the Universe,2003,https://boxd.it/1Tri
2022-02-23,May,2002,https://boxd.it/1V8M
2022-02-23,You're Next,2011,https://boxd.it/2WWK
2022-02-23,Ready or Not,2019,https://boxd.it/kOf0
2022-02-23,The Devil's Backbone,2001,https://boxd.it/28Li
2022-02-23,The Blackcoat's Daughter,2015,https://boxd.it/b2Km
2022-02-23,Black Mountain Side,2014,https://boxd.it/813g
2022-02-23,Raw,2016,https://boxd.it/dLd2
2022-02-23,The Neon Demon,2016,https://boxd.it/9AnW
2022-02-23,The Invisible Man,2020,https://boxd.it/kWlA
2022-02-23,His House,2020,https://boxd.it/l8Qq
2022-02-23,Thelma,2017,https://boxd.it/e7Ce
2022-02-23,mother!,2017,https://boxd.it/dgRU
2022-02-23,A Dark Song,2016,https://boxd.it/epo0
2022-02-23,Under the Shadow,2016,https://boxd.it/d1uG
2022-02-23,Guinea Pig Part 2: Flower of Flesh and Blood,1985,https://boxd.it/1bp8
2022-02-23,Life,2017,https://boxd.it/dRqG
2022-02-23,The Lord of the Rings: The Return of the King,2003,https://boxd.it/2b5u
2022-02-23,The Lord of the Rings: The Two Towers,2002,https://boxd.it/2b5E
2022-02-23,Sphere,1998,https://boxd.it/1WXm
2022-02-23,Bad Boys for Life,2020,https://boxd.it/15pc
2022-02-23,Melancholia,2011,https://boxd.it/bPI
2022-02-23,Dogville,2003,https://boxd.it/2a8W
2022-02-23,Timecop,1994,https://boxd.it/1ZNO
2022-02-23,T2 Trainspotting,2017,https://boxd.it/5vTA
2022-02-23,Vivarium,2019,https://boxd.it/gmVE
2022-02-23,Drive My Car,2021,https://boxd.it/sv94
2022-02-23,Machete,2010,https://boxd.it/1yXW
2022-02-23,Bringing Out the Dead,1999,https://boxd.it/1ZZK
2022-02-24,Possession,1981,https://boxd.it/1BPm
2022-03-03,Licorice Pizza,2021,https://boxd.it/qTKY
2022-05-02,Only God Forgives,2013,https://boxd.it/2HBs
2022-05-05,Insomnia,2002,https://boxd.it/2aB0
2022-05-05,...And Justice for All,1979,https://boxd.it/1IFI
2022-05-05,The Insider,1999,https://boxd.it/1ZoE
2022-05-14,The Boys from Brazil,1978,https://boxd.it/1KvK
2022-05-14,Marooned,1969,https://boxd.it/12nM
2022-07-20,Room,2015,https://boxd.it/7T0y
2022-07-20,The Rover,2014,https://boxd.it/4WCY
2022-07-30,The King of Comedy,1982,https://boxd.it/2aJS
2022-10-10,The Descent,2005,https://boxd.it/1YNy
2022-11-28,Cloud Atlas,2012,https://boxd.it/2W60
2022-12-04,My Dinner with Andre,1981,https://boxd.it/1vLe
2022-12-08,The Pale Blue Eye,2022,https://boxd.it/u8tk
2022-12-12,In My Mother's Skin,2023,https://boxd.it/E36g
2023-01-06,Beau Is Afraid,2023,https://boxd.it/u2gE
2023-01-14,History of the World: Part I,1981,https://boxd.it/1WWS
2023-01-14,Marlowe,2022,https://boxd.it/vQAQ
2023-01-18,Inside,2023,https://boxd.it/AagY
2023-02-18,The Limey,1999,https://boxd.it/1Woc
2023-02-28,Coherence,2013,https://boxd.it/6xza
2023-03-31,Sneakers,1992,https://boxd.it/26VU
2023-04-20,Renfield,2023,https://boxd.it/o8vy
2023-06-03,Bullet Train,2022,https://boxd.it/qW26
2023-06-06,Breach,2007,https://boxd.it/24JW
2023-07-07,Corner Office,2022,https://boxd.it/u7to
2023-08-07,Killers of the Flower Moon,2023,https://boxd.it/gHp0
2023-08-17,Before Sunrise,1995,https://boxd.it/2bcU
2023-08-17,Before Sunset,2004,https://boxd.it/2bcg
2023-08-17,Everybody Wants Some!!,2016,https://boxd.it/9mgM
2023-08-17,My Neighbor Totoro,1988,https://boxd.it/20eA
2023-08-17,Old Joy,2006,https://boxd.it/1tIW
2023-08-17,Quiet City,2007,https://boxd.it/M58
2023-08-17,Before Midnight,2013,https://boxd.it/4ive
2023-08-17,Inside Llewyn Davis,2013,https://boxd.it/34Ro
2023-08-17,Waking Life,2001,https://boxd.it/1Zdc
2023-08-17,Coffee and Cigarettes,2003,https://boxd.it/29nc
2023-08-20,Cape Fear,1991,https://boxd.it/28vu
2023-09-22,Seven Samurai,1954,https://boxd.it/2axi
2023-10-02,No One Will Save You,2023,https://boxd.it/uUO6
2023-10-14,The Green Inferno,2013,https://boxd.it/5hE2
2023-10-23,General Magic,2018,https://boxd.it/iE1o
2023-10-27,The Vast of Night,2019,https://boxd.it/kJyc
2023-11-12,Predestination,2014,https://boxd.it/6bJM
2023-11-12,Never Let Me Go,2010,https://boxd.it/Xw0
2023-11-12,Another Earth,2011,https://boxd.it/rRA
2023-11-12,Detour,1945,https://boxd.it/1DB2
2023-11-12,November,2017,https://boxd.it/fxu8
2023-11-12,The Strange Color of Your Body's Tears,2013,https://boxd.it/6el4
2023-11-12,Upstream Color,2013,https://boxd.it/4Cwc
2023-11-12,The Lodge,2019,https://boxd.it/h2c2
2023-11-12,The Frame,2014,https://boxd.it/9JNE
2023-11-12,Tetsuo: The Iron Man,1989,https://boxd.it/ZoM
2023-11-12,Slither,2006,https://boxd.it/1Zks
2023-11-12,Under the Silver Lake,2018,https://boxd.it/dSAs
2023-11-12,The Invitation,2015,https://boxd.it/9OUU
2023-12-08,Civil War,2024,https://boxd.it/z1jW
2024-01-05,Open Range,2003,https://boxd.it/27xE
2024-01-05,Silverado,1985,https://boxd.it/1TGC
2024-01-05,Unforgiven,1992,https://boxd.it/6Z4
2024-01-05,Rio Bravo,1959,https://boxd.it/2aE4
2024-01-27,Ashes and Diamonds,1958,https://boxd.it/23q0
2024-01-27,Out of the Past,1947,https://boxd.it/29PK
2024-01-27,The Day of the Jackal,1973,https://boxd.it/23GM
2024-01-27,Ocean's Eleven,1960,https://boxd.it/2aEo
2024-02-04,Army of Shadows,1969,https://boxd.it/1Mli
2024-02-04,The Tailor of Panama,2001,https://boxd.it/26BA
2024-02-04,The American,2010,https://boxd.it/dSE
2024-02-04,Spy Game,2001,https://boxd.it/28Fk
2024-02-04,"OSS 117: Cairo, Nest of Spies",2006,https://boxd.it/1MIm
2024-02-06,The Zone of Interest,2023,https://boxd.it/gJsA
2024-02-27,Spaceman,2024,https://boxd.it/nC20
2024-02-27,It Follows,2014,https://boxd.it/87wo
2024-02-27,Skinamarink,2022,https://boxd.it/ByDO
2024-03-13,Kiss Kiss Bang Bang,2005,https://boxd.it/23c8
2024-03-13,Late Night with the Devil,2023,https://boxd.it/zo6G
2024-03-14,Dreamscape,1984,https://boxd.it/1yjs
2024-03-14,VFW,2019,https://boxd.it/n81G
2024-03-14,The Man with the Gray Elevated Hair,2017,https://boxd.it/hWQs
2024-03-14,The Warriors,1979,https://boxd.it/1TLC
2024-03-23,Humane,2024,https://boxd.it/ypIY
2024-04-01,Black Rain,1989,https://boxd.it/24NY
2024-04-25,Anatomy of a Murder,1959,https://boxd.it/2baa
2024-04-25,Double Indemnity,1944,https://boxd.it/297I
2024-06-10,The 6th Day,2000,https://boxd.it/207Y
2024-06-11,The Ipcress File,1965,https://boxd.it/1MzE
2024-06-11,The Italian Job,1969,https://boxd.it/1W1i
2024-06-11,Get Carter,1971,https://boxd.it/28HU
2024-06-16,World on a Wire,1973,https://boxd.it/B9me
2024-06-16,Hardware,1990,https://boxd.it/1Uas
2024-06-18,Looper,2012,https://boxd.it/ham
2024-06-18,Cypher,2002,https://boxd.it/1X0A
2024-06-18,Serenity,2005,https://boxd.it/1Km4
2024-06-25,Alien: Romulus,2024,https://boxd.it/zGqO
2024-06-27,Gone in 60 Seconds,1974,https://boxd.it/1Kvg
2024-10-17,Silent Running,1972,https://boxd.it/29yO
2024-10-30,Bone Tomahawk,2015,https://boxd.it/9kiw
2024-10-31,Two Mules for Sister Sara,1970,https://boxd.it/1SMk
2024-12-10,Sanjuro,1962,https://boxd.it/1TaQ
2024-12-29,Johnny Mnemonic,1995,https://boxd.it/1XBQ
2025-01-09,Companion,2025,https://boxd.it/F04o
2025-01-21,Nights of Cabiria,1957,https://boxd.it/1F7e
2025-01-21,8½,1963,https://boxd.it/2aqm
2025-01-22,High and Low,1963,https://boxd.it/1RSc
2025-01-22,Ugetsu,1953,https://boxd.it/1NyM
2025-01-22,Kwaidan,1964,https://boxd.it/1kbY
2025-01-22,Jigoku,1960,https://boxd.it/EfY
2025-01-22,Woman in the Dunes,1964,https://boxd.it/1JNS
2025-03-20,Logan's Run,1976,https://boxd.it/1Vma
2025-03-23,Hobo with a Shotgun,2011,https://boxd.it/H5s
2025-03-23,The Hitcher,1986,https://boxd.it/1Yq0
2025-03-23,Ladyhawke,1985,https://boxd.it/2ad8
2025-04-06,Mickey 17,2025,https://boxd.it/q1Dk
2025-04-06,TRON: Ares,2025,https://boxd.it/jqdM
2025-04-19,Barry Lyndon,1975,https://boxd.it/25A2
2025-05-10,Midnight Mass,2021,https://boxd.it/wvVA
2025-05-20,Kingdom of Heaven,2005,https://boxd.it/28Gs
2025-06-23,28 Years Later,2025,https://boxd.it/FEGM
2025-06-24,Weapons,2025,https://boxd.it/EMTM
2025-07-01,Project Hail Mary,2026,https://boxd.it/pEeQ
2025-07-06,They Live by Night,1948,https://boxd.it/SzS
2025-07-11,Sorcerer,1977,https://boxd.it/14J6
2025-07-14,Evil Does Not Exist,2023,https://boxd.it/HJrc
2025-07-29,Eddington,2025,https://boxd.it/o6MC
2025-08-03,Together,2025,https://boxd.it/LdFE
2025-08-06,Rabbit Trap,2025,https://boxd.it/Ji66
2025-08-06,The Cotton Club,1984,https://boxd.it/27kK
2025-09-03,The Long Walk,2025,https://boxd.it/mic8
2025-09-09,Friendship,2024,https://boxd.it/L6Dc
2025-09-25,"Good Luck, Have Fun, Don't Die",2025,https://boxd.it/Glua
2025-10-03,City on Fire,1987,https://boxd.it/XGY
2025-10-05,One Battle After Another,2025,https://boxd.it/DUHM
2025-10-17,Poor Things,2023,https://boxd.it/tNWU
2025-10-17,Train to Busan,2016,https://boxd.it/dSQU
2025-10-17,Thunderbolt and Lightfoot,1974,https://boxd.it/20jK
2025-10-18,A Moment of Romance,1990,https://boxd.it/2PLU
2025-11-01,Altered States,1980,https://boxd.it/1TBi
