Date,Name,Year,Letterboxd URI
2022-02-23,Total Recall,1990,https://boxd.it/29qK
2022-02-23,The Godfather Part II,1974,https://boxd.it/2aNq
2022-02-23,Dog Day Afternoon,1975,https://boxd.it/29bg
2022-02-23,Layer Cake,2004,https://boxd.it/23LC
2022-02-23,Gone in Sixty Seconds,2000,https://boxd.it/1Y4y
2022-02-23,Band of Brothers,2001,https://boxd.it/aRNY
2022-02-23,Clerks,1994,https://boxd.it/2706
2022-02-23,Happy Gilmore,1996,https://boxd.it/1Yey
2022-02-23,The Other Guys,2010,https://boxd.it/1rtq
2022-02-23,Blazing Saddles,1974,https://boxd.it/1UHQ
2022-02-23,Zombieland,2009,https://boxd.it/1En6
2022-02-23,Ghostbusters,1984,https://boxd.it/g2w
2022-02-23,Dogma,1999,https://boxd.it/284e
2022-02-23,Escape from Alcatraz,1979,https://boxd.it/1Vwk
2022-02-23,The Terminator,1984,https://boxd.it/2aQY
2022-02-23,Apollo 13,1995,https://boxd.it/2a6G
2022-02-23,Blow,2001,https://boxd.it/24Mm
2022-02-23,Duck Soup,1933,https://boxd.it/25PG
2022-02-23,Who Framed Roger Rabbit,1988,https://boxd.it/29ry
2022-02-23,Napoleon Dynamite,2004,https://boxd.it/20wu
2022-02-23,Landspeed presents: CKY,1999,https://boxd.it/1ydY
2022-02-23,CKY2K,2000,https://boxd.it/1ydO
2022-02-24,A Hard Day's Night,1964,https://boxd.it/29LS
2022-02-24,Help!,1965,https://boxd.it/1NiE
2022-02-26,National Lampoon's Vacation,1983,https://boxd.it/1Uvq
2022-03-13,Moon,2009,https://boxd.it/1IGQ
2022-03-19,The Thomas Crown Affair,1999,https://boxd.it/29im
2023-01-07,Twin Peaks,1989,https://boxd.it/g8pk
2023-01-07,Rabbits,2002,https://boxd.it/SaI
2023-05-21,Twin Peaks: The Return,2017,https://boxd.it/hN9O
2024-02-01,Devs,2020,https://boxd.it/ppHI
2024-02-16,Lone Wolf and Cub: Sword of Vengeance,1972,https://boxd.it/Zia
2024-04-13,I Trapped the Devil,2019,https://boxd.it/jA8W
2024-07-04,The Ambassador,2011,https://boxd.it/2XEM
2025-02-01,Tombstone,1993,https://boxd.it/1SE6
2025-03-11,The Toxic Avenger,1984,https://boxd.it/1MAi
2025-03-30,Silicon Cowboys,2016,https://boxd.it/dg9e
2025-03-30,Between Two Worlds,2014,https://boxd.it/khrC
2025-03-30,Side by Side,2012,https://boxd.it/3Ijm
2025-03-30,The Mole: Undercover in North Korea,2020,https://boxd.it/scR2
2025-03-30,Apocalypse Now,1979,https://boxd.it/6ZS
2025-03-30,The Northman,2022,https://boxd.it/nK2s
2025-03-30,The Evil Dead,1981,https://boxd.it/29Go
2025-03-31,Collateral,2004,https://boxd.it/28F0
2025-04-05,Universal Soldier,1992,https://boxd.it/1YUa
2025-04-06,Last Action Hero,1993,https://boxd.it/1YhW
2025-04-13,Blue Ruin,2013,https://boxd.it/5H8G
2025-04-19,Commando,1985,https://boxd.it/1UTs
2025-04-20,Onibaba,1964,https://boxd.it/252a
2025-04-27,Nighthawks,1981,https://boxd.it/1BCs
2025-05-04,Eastern Promises,2007,https://boxd.it/275q
2025-05-10,Heretic,2024,https://boxd.it/H1lY
2025-05-17,Minority Report,2002,https://boxd.it/2aWi
2025-05-25,My Darling Clementine,1946,https://boxd.it/25LE
2025-05-26,Lost in Translation,2003,https://boxd.it/2b0E
2025-06-10,The Holy Mountain,1973,https://boxd.it/20mu
2025-06-12,Warfare,2025,https://boxd.it/LbRo
2025-06-13,The Big Heat,1953,https://boxd.it/1NNM
2025-06-14,Swallow,2019,https://boxd.it/lA0i
2025-06-15,Eternal Sunshine of the Spotless Mind,2004,https://boxd.it/6YK
2025-06-23,American Made,2017,https://boxd.it/bb66
2025-06-24,The Phoenician Scheme,2025,https://boxd.it/H0Ca
2025-06-25,The French Connection,1971,https://boxd.it/296g
2025-07-05,Drive,2011,https://boxd.it/IG
2025-07-06,Gun Crazy,1950,https://boxd.it/1Gw0
2025-07-13,EuroTrip,2004,https://boxd.it/1YTQ
2025-07-20,The Shrouds,2024,https://boxd.it/AEZa
2025-07-26,Citizen Kane,1941,https://boxd.it/71O
2025-07-28,Stagecoach,1939,https://boxd.it/297S
2025-08-04,Lord of War,2005,https://boxd.it/284y
2025-08-10,Sunset Boulevard,1950,https://boxd.it/2a20
2025-08-18,The Substance,2024,https://boxd.it/zanS
2025-08-23,Ad Astra,2019,https://boxd.it/ePzI
2025-08-24,Lost Highway,1997,https://boxd.it/29Wc
2025-09-14,A Boy and His Dog,1975,https://boxd.it/23FO
2025-09-14,Notorious,1946,https://boxd.it/2aDK
2025-09-28,Alphaville,1965,https://boxd.it/20AG
2025-10-05,Wolfs,2024,https://boxd.it/x6zG
2025-10-12,Deliverance,1972,https://boxd.it/1VGk
2025-10-12,Suspiria,1977,https://boxd.it/1SNW
2025-10-18,Maximum Overdrive,1986,https://boxd.it/1XnO
2025-10-26,Goodnight Mommy,2014,https://boxd.it/8Niy
2025-11-01,The Autopsy of Jane Doe,2016,https://boxd.it/dUu2
2025-11-02,Dawn of the Dead,1978,https://boxd.it/29gU
