Date,Name,Year,Letterboxd URI,Rating,Rewatch,Tags,Watched Date
2025-03-29,The Asphalt Jungle,1950,https://boxd.it/9g7t63,,,,2024-03-31
2025-03-29,Fear and Loathing in Las Vegas,1998,https://boxd.it/9g7ta5,,,,2024-03-31
2025-03-29,Army of Darkness,1992,https://boxd.it/9g7tcP,,,,2024-03-31
2025-03-29,Slacker,1990,https://boxd.it/9g7tij,,,,2024-03-31
2025-03-29,Shadow of the Vampire,2000,https://boxd.it/9g7tl3,,,,2024-03-31
2025-03-29,True Romance,1993,https://boxd.it/9g7tnt,,,,2024-03-31
2025-03-29,Alien,1979,https://boxd.it/9g7trF,,,,2024-03-31
2025-03-29,Dead Man's Shoes,2004,https://boxd.it/9g7tuz,,,,2024-03-31
2025-03-29,Dazed and Confused,1993,https://boxd.it/9g7tzz,,,,2024-03-31
2025-03-29,The Place Beyond the Pines,2012,https://boxd.it/9g7tBZ,,,,2024-03-31
2025-03-29,Kingsman: The Secret Service,2014,https://boxd.it/9g7tH9,,,,2024-03-31
2025-03-29,Rear Window,1954,https://boxd.it/9g7tLZ,,,,2024-03-31
2025-03-29,Stalker,1979,https://boxd.it/9g7tOT,,,,2024-03-31
2025-03-29,Labyrinth,1986,https://boxd.it/9g7tRt,,,,2024-03-31
2025-03-29,Dr. No,1962,https://boxd.it/9g7tUH,,,,2024-03-31
2025-03-29,Hang 'em High,1968,https://boxd.it/9g7tYz,,,,2024-03-31
2025-03-29,Mandy,2018,https://boxd.it/9g7u1N,,,,2024-03-31
2025-03-29,John Wick: Chapter 3 – Parabellum,2019,https://boxd.it/9g7u9n,,,,2024-03-31
2025-03-29,Full Metal Jacket,1987,https://boxd.it/9g7udp,,,,2024-03-31
2025-03-29,"Three Billboards Outside Ebbing, Missouri",2017,https://boxd.it/9g7ugX,,,,2024-03-31
2025-03-29,When Evil Lurks,2023,https://boxd.it/9g7ujR,,,,2024-03-31
2025-03-29,Little Caesar,1931,https://boxd.it/9g7unT,,,,2024-03-31
2025-03-29,Diamonds Are Forever,1971,https://boxd.it/9g7usJ,,,,2024-03-31
2025-03-29,The Gentlemen,2019,https://boxd.it/9g7uvX,,,,2024-03-31
2025-03-29,The Black Phone,2021,https://boxd.it/9g7uEv,,,,2024-03-31
2025-03-29,Arrival,2016,https://boxd.it/9g7uI3,,,,2024-03-31
2025-03-29,Nosferatu,1922,https://boxd.it/9g7uMT,,,,2024-03-31
2025-03-29,Die Another Day,2002,https://boxd.it/9g7uPX,,,,2024-03-31
2025-03-29,Female Prisoner Scorpion: #701's Grudge Song,1973,https://boxd.it/9g7uTb,,,,2024-03-31
2025-03-29,Casino,1995,https://boxd.it/9g7uX3,,,,2024-03-31
2025-03-29,The Driver,1978,https://boxd.it/9g7v0V,,,,2024-03-31
2025-03-29,Tomorrow Never Dies,1997,https://boxd.it/9g7v6J,,,,2024-03-31
2025-03-29,The Science of Sleep,2006,https://boxd.it/9g7vaB,,,,2024-03-31
2025-03-29,The World Is Not Enough,1999,https://boxd.it/9g7vdP,,,,2024-03-31
2025-03-29,Face/Off,1997,https://boxd.it/9g7vhR,,,,2024-03-31
2025-03-29,Jackie Brown,1997,https://boxd.it/9g7vkV,,,,2024-03-31
2025-03-29,Being John Malkovich,1999,https://boxd.it/9g7vn1,,,,2024-03-31
2025-03-29,Escape from New York,1981,https://boxd.it/9g7vrd,,,,2024-03-31
2025-03-29,Cobra,1986,https://boxd.it/9g7vz7,,,,2024-03-31
2025-03-29,Aliens,1986,https://boxd.it/9g7vD9,,,,2024-03-31
2025-03-29,Hanzo the Razor: Sword of Justice,1972,https://boxd.it/9g7vFT,,,,2024-03-31
2025-03-29,The Lighthouse,2019,https://boxd.it/9g7vHZ,,,,2024-03-31
2025-03-29,You Only Live Twice,1967,https://boxd.it/9g7vLx,,,,2024-03-31
2025-03-29,No Country for Old Men,2007,https://boxd.it/9g7vTr,,,,2024-03-31
2025-03-29,Suspiria,2018,https://boxd.it/9g7vW1,,,,2024-03-31
2025-03-29,1408,2007,https://boxd.it/9g7vY7,,,,2024-03-31
2025-03-29,Audition,1999,https://boxd.it/9g7w2t,,,,2024-03-31
2025-03-29,"As Above, So Below",2014,https://boxd.it/9g7w53,,,,2024-03-31
2025-03-29,Seven Psychopaths,2012,https://boxd.it/9g7w87,,,,2024-03-31
2025-03-29,No Time to Die,2021,https://boxd.it/9g7waR,,,,2024-03-31
2025-03-29,Nosferatu the Vampyre,1979,https://boxd.it/9g7wez,,,,2024-03-31
2025-03-29,THX 1138,1971,https://boxd.it/9g7wlv,,,,2024-03-31
2025-03-29,Scanners,1981,https://boxd.it/9g7wzH,,,,2024-03-31
2025-03-29,Relic,2020,https://boxd.it/9g7wH7,,,,2024-03-31
2025-03-29,Asteroid City,2023,https://boxd.it/9g7wKv,,,,2024-03-31
2025-03-29,Evil Dead II,1987,https://boxd.it/9g7wPb,,,,2024-03-31
2025-03-29,An American Werewolf in London,1981,https://boxd.it/9g7wSp,,,,2024-03-31
2025-03-29,Snowpiercer,2013,https://boxd.it/9g7wUv,,,,2024-03-31
2025-03-29,The Lord of the Rings: The Fellowship of the Ring,2001,https://boxd.it/9g7x33,,,,2024-03-31
2025-03-29,The Big Sleep,1946,https://boxd.it/9g7x67,,,,2024-03-31
2025-03-29,Inland Empire,2006,https://boxd.it/9g7x9b,,,,2024-03-31
2025-03-29,The Departed,2006,https://boxd.it/9g7xcT,,,,2024-03-31
2025-03-29,Interstellar,2014,https://boxd.it/9g7xhz,,,,2024-03-31
2025-03-29,The Grand Budapest Hotel,2014,https://boxd.it/9g7xlL,,,,2024-03-31
2025-03-29,King of New York,1990,https://boxd.it/9g7xr5,,,,2024-03-31
2025-03-29,They Live,1988,https://boxd.it/9g7xvB,,,,2024-03-31
2025-03-29,The Fly,1986,https://boxd.it/9g7xAL,,,,2024-03-31
2025-03-29,Due Date,2010,https://boxd.it/9g7xDF,,,,2024-03-31
2025-03-29,Dawn of the Dead,1978,https://boxd.it/9g7xFV,,,,2024-03-31
2025-03-29,Metropolis,1927,https://boxd.it/9g7xKh,,,,2024-03-31
2025-03-29,A Most Violent Year,2014,https://boxd.it/9g7xNF,,,,2024-03-31
2025-03-29,Predator,1987,https://boxd.it/9g7xSl,,,,2024-03-31
2025-03-29,Pearl,2022,https://boxd.it/9g7xYN,,,,2024-03-31
2025-03-29,Kill Bill: Vol. 1,2003,https://boxd.it/9g7y3N,,,,2024-03-31
2025-03-29,The Life Aquatic with Steve Zissou,2004,https://boxd.it/9g7y6R,,,,2024-03-31
2025-03-29,The Man Who Shot Liberty Valance,1962,https://boxd.it/9g7y9V,,,,2024-03-31
2025-03-29,Zatoichi Goes to the Fire Festival,1970,https://boxd.it/9g7ydX,,,,2024-03-31
2025-03-29,Miller's Crossing,1990,https://boxd.it/9g7yh1,,,,2024-03-31
2025-03-29,The Godfather,1972,https://boxd.it/9g7yjh,,,,2024-03-31
2025-03-29,The Goonies,1985,https://boxd.it/9g7ymb,,,,2024-03-31
2025-03-29,Mean Streets,1973,https://boxd.it/9g7yq3,,,,2024-03-31
2025-03-29,Solaris,2002,https://boxd.it/9g7yxt,,,,2024-03-31
2025-03-29,Jurassic World,2015,https://boxd.it/9g7yzJ,,,,2024-03-31
2025-03-29,EuroTrip,2004,https://boxd.it/9g7yC9,,,,2024-03-31
2025-03-29,Lake Mungo,2008,https://boxd.it/9g7yOp,,,,2024-03-31
2025-03-29,Crimes of the Future,2022,https://boxd.it/9g7ySV,,,,2024-03-31
2025-03-29,A Tale of Two Sisters,2003,https://boxd.it/9g7yYf,,,,2024-03-31
2025-03-29,Nightmare Alley,2021,https://boxd.it/9g7z1j,,,,2024-03-31
2025-03-29,The Man with the Golden Gun,1974,https://boxd.it/9g7z5v,,,,2024-03-31
2025-03-29,Jacob's Ladder,1990,https://boxd.it/9g7za1,,,,2024-03-31
2025-03-29,The Deer Hunter,1978,https://boxd.it/9g7zf1,,,,2024-03-31
2025-03-29,Heavy Metal,1981,https://boxd.it/9g7zhB,,,,2024-03-31
2025-03-29,Licence to Kill,1989,https://boxd.it/9g7zkl,,,,2024-03-31
2025-03-29,RoboCop,1987,https://boxd.it/9g7znJ,,,,2024-03-31
2025-03-29,North by Northwest,1959,https://boxd.it/9g7zxf,,,,2024-03-31
2025-03-29,Pink Floyd: The Wall,1982,https://boxd.it/9g7zFX,,,,2024-03-31
2025-03-29,Annihilation,2018,https://boxd.it/9g7zPj,,,,2024-03-31
2025-03-29,What We Do in the Shadows,2014,https://boxd.it/9g7zVh,,,,2024-03-31
2025-03-29,The Dead Zone,1983,https://boxd.it/9g7zYP,,,,2024-03-31
2025-03-29,John Wick,2014,https://boxd.it/9g7A2d,,,,2024-03-31
2025-03-29,Goldfinger,1964,https://boxd.it/9g7A7x,,,,2024-03-31
2025-03-29,Inglourious Basterds,2009,https://boxd.it/9g7AaL,,,,2024-03-31
2025-03-29,Death Race 2000,1975,https://boxd.it/9g7Afr,,,,2024-03-31
2025-03-29,Tinker Tailor Soldier Spy,2011,https://boxd.it/9g7AiZ,,,,2024-03-31
2025-03-29,For Your Eyes Only,1981,https://boxd.it/9g7AqJ,,,,2024-03-31
2025-03-29,The Unbearable Weight of Massive Talent,2022,https://boxd.it/9g7Av5,,,,2024-03-31
2025-03-29,The Roaring Twenties,1939,https://boxd.it/9g7AzL,,,,2024-03-31
2025-03-29,Vanilla Sky,2001,https://boxd.it/9g7ADt,,,,2024-03-31
2025-03-29,Logan Lucky,2017,https://boxd.it/9g7AGx,,,,2024-03-31
2025-03-29,In Bruges,2008,https://boxd.it/9g7AL3,,,,2024-03-31
2025-03-29,The Wicker Man,1973,https://boxd.it/9g7ARF,,,,2024-03-31
2025-03-29,UHF,1989,https://boxd.it/9g7AUz,,,,2024-03-31
2025-03-29,Starship Troopers,1997,https://boxd.it/9g7AZz,,,,2024-03-31
2025-03-29,The Shining,1980,https://boxd.it/9g7B4p,,,,2024-03-31
2025-03-29,John Wick: Chapter 2,2017,https://boxd.it/9g7B7D,,,,2024-03-31
2025-03-29,Reservoir Dogs,1992,https://boxd.it/9g7Bbb,,,,2024-03-31
2025-03-29,Enemy,2013,https://boxd.it/9g7BfH,,,,2024-03-31
2025-03-29,Hotel Chevalier,2007,https://boxd.it/9g7Bjf,,,,2024-03-31
2025-03-29,The Wolf of Wall Street,2013,https://boxd.it/9g7Bmt,,,,2024-03-31
2025-03-29,Snatch,2000,https://boxd.it/9g7BoJ,,,,2024-03-31
2025-03-29,Lady Snowblood,1973,https://boxd.it/9g7Btf,,,,2024-03-31
2025-03-29,Source Code,2011,https://boxd.it/9g7BBj,,,,2024-03-31
2025-03-29,2046,2004,https://boxd.it/9g7BEx,,,,2024-03-31
2025-03-29,The Spy Who Loved Me,1977,https://boxd.it/9g7BHV,,,,2024-03-31
2025-03-29,Midsommar,2019,https://boxd.it/9g7BKZ,,,,2024-03-31
2025-03-29,Skyfall,2012,https://boxd.it/9g7BOR,,,,2024-03-31
2025-03-29,Bridge of Spies,2015,https://boxd.it/9g7BSJ,,,,2024-03-31
2025-03-29,Twelve Monkeys,1995,https://boxd.it/9g7BXT,,,,2024-03-31
2025-03-29,Memento,2000,https://boxd.it/9g7C09,,,,2024-03-31
2025-03-29,A View to a Kill,1985,https://boxd.it/9g7C3x,,,,2024-03-31
2025-03-29,Scarface,1932,https://boxd.it/9g7C6B,,,,2024-03-31
2025-03-29,Never Say Never Again,1983,https://boxd.it/9g7C9b,,,,2024-03-31
2025-03-29,The Machinist,2004,https://boxd.it/9g7CbL,,,,2024-03-31
2025-03-29,Max Payne,2008,https://boxd.it/9g7CfD,,,,2024-03-31
2025-03-29,Kill Bill: Vol. 2,2004,https://boxd.it/9g7Col,,,,2024-03-31
2025-03-29,Under the Skin,2013,https://boxd.it/9g7Csd,,,,2024-03-31
2025-03-29,Ocean's Thirteen,2007,https://boxd.it/9g7Cuj,,,,2024-03-31
2025-03-29,Gattaca,1997,https://boxd.it/9g7Cyl,,,,2024-03-31
2025-03-29,The Thirteenth Floor,1999,https://boxd.it/9g7CCd,,,,2024-03-31
2025-03-29,The Killing,1956,https://boxd.it/9g7CHH,,,,2024-03-31
2025-03-29,BlackBerry,2023,https://boxd.it/9g7CL5,,,,2024-03-31
2025-03-29,Infinity Pool,2023,https://boxd.it/9g7COj,,,,2024-03-31
2025-03-29,The 39 Steps,1935,https://boxd.it/9g7CR3,,,,2024-03-31
2025-03-29,The Revenant,2015,https://boxd.it/9g7CTN,,,,2024-03-31
2025-03-29,Donnie Darko,2001,https://boxd.it/9g7D0T,,,,2024-03-31
2025-03-29,The Fifth Element,1997,https://boxd.it/9g7D6R,,,,2024-03-31
2025-03-29,Dr. Strangelove or: How I Learned to Stop Worrying and Love the Bomb,1964,https://boxd.it/9g7DiD,,,,2024-03-31
2025-03-29,Mulholland Drive,2001,https://boxd.it/9g7DkT,,,,2024-03-31
2025-03-29,The Banshees of Inisherin,2022,https://boxd.it/9g7DrP,,,,2024-03-31
2025-03-29,"The Good, the Bad and the Ugly",1966,https://boxd.it/9g7Dw1,,,,2024-03-31
2025-03-29,Spectre,2015,https://boxd.it/9g7DAd,,,,2024-03-31
2025-03-29,Lost Highway,1997,https://boxd.it/9g7DEf,,,,2024-03-31
2025-03-29,Carnival of Souls,1962,https://boxd.it/9g7DH9,,,,2024-03-31
2025-03-29,Trainspotting,1996,https://boxd.it/9g7DJp,,,,2024-03-31
2025-03-29,Night of the Living Dead,1968,https://boxd.it/9g7DN7,,,,2024-03-31
2025-03-29,Chinatown,1974,https://boxd.it/9g7DQv,,,,2024-03-31
2025-03-29,Hereditary,2018,https://boxd.it/9g7DT5,,,,2024-03-31
2025-03-29,Twin Peaks: The Missing Pieces,2014,https://boxd.it/9g7DWj,,,,2024-03-31
2025-03-29,The Witch,2015,https://boxd.it/9g7E0P,,,,2024-03-31
2025-03-29,The Room,2003,https://boxd.it/9g7E3z,,,,2024-03-31
2025-03-29,Braindead,1992,https://boxd.it/9g7E5F,,,,2024-03-31
2025-03-29,Vertigo,1958,https://boxd.it/9g7Ech,,,,2024-03-31
2025-03-29,2001: A Space Odyssey,1968,https://boxd.it/9g7EfP,,,,2024-03-31
2025-03-29,28 Days Later,2002,https://boxd.it/9g7En5,,,,2024-03-31
2025-03-29,A Fistful of Dollars,1964,https://boxd.it/9g7Epb,,,,2024-03-31
2025-03-29,Spaceballs,1987,https://boxd.it/9g7EsJ,,,,2024-03-31
2025-03-29,Fight Club,1999,https://boxd.it/9g7EvN,,,,2024-03-31
2025-03-29,I ♥ Huckabees,2004,https://boxd.it/9g7EA9,,,,2024-03-31
2025-03-29,Ocean's Eleven,2001,https://boxd.it/9g7ECJ,,,,2024-03-31
2025-03-29,Rabid,1977,https://boxd.it/9g7EOv,,,,2024-03-31
2025-03-29,Live and Let Die,1973,https://boxd.it/9g7EVr,,,,2024-03-31
2025-03-29,Return of the Jedi,1983,https://boxd.it/9g7EXx,,,,2024-03-31
2025-03-29,Moonraker,1979,https://boxd.it/9g7F1z,,,,2024-03-31
2025-03-29,Sunshine,2007,https://boxd.it/9g7FaV,,,,2024-03-31
2025-03-29,Octopussy,1983,https://boxd.it/9g7Fe9,,,,2024-03-31
2025-03-29,Office Space,1999,https://boxd.it/9g7Fk7,,,,2024-03-31
2025-03-29,"Lock, Stock and Two Smoking Barrels",1998,https://boxd.it/9g7FnF,,,,2024-03-31
2025-03-29,Dark City,1998,https://boxd.it/9g7Ftj,,,,2024-03-31
2025-03-29,Female Prisoner Scorpion: Beast Stable,1973,https://boxd.it/9g7Fyj,,,,2024-03-31
2025-03-29,Black Swan,2010,https://boxd.it/9g7FP5,,,,2024-03-31
2025-03-29,Donnie Brasco,1997,https://boxd.it/9g7FSt,,,,2024-03-31
2025-03-29,John Wick: Chapter 4,2023,https://boxd.it/9g7FX9,,,,2024-03-31
2025-03-29,Sex Drive,2008,https://boxd.it/9g7G2X,,,,2024-03-31
2025-03-29,Smokey and the Bandit,1977,https://boxd.it/9g7G4f,,,,2024-03-31
2025-03-29,The Killer,2023,https://boxd.it/9g7G79,,,,2024-03-31
2025-03-29,The Royal Tenenbaums,2001,https://boxd.it/9g7Gad,,,,2024-03-31
2025-03-29,The French Dispatch,2021,https://boxd.it/9g7Gfd,,,,2024-03-31
2025-03-29,Better Off Dead...,1985,https://boxd.it/9g7Gir,,,,2024-03-31
2025-03-29,Requiem for a Dream,2000,https://boxd.it/9g7GpH,,,,2024-03-31
2025-03-29,Green Room,2015,https://boxd.it/9g7Gxr,,,,2024-03-31
2025-03-29,Django Unchained,2012,https://boxd.it/9g7GAZ,,,,2024-03-31
2025-03-29,Day of the Dead,1985,https://boxd.it/9g7GF1,,,,2024-03-31
2025-03-29,The Elephant Man,1980,https://boxd.it/9g7GHh,,,,2024-03-31
2025-03-29,Moonrise Kingdom,2012,https://boxd.it/9g7GKZ,,,,2024-03-31
2025-03-29,Barbarian,2022,https://boxd.it/9g7GU1,,,,2024-03-31
2025-03-29,Fast Times at Ridgemont High,1982,https://boxd.it/9g7H3x,,,,2024-03-31
2025-03-29,Ocean's Twelve,2004,https://boxd.it/9g7Haj,,,,2024-03-31
2025-03-29,Rope,1948,https://boxd.it/9g7Hmz,,,,2024-03-31
2025-03-29,Inception,2010,https://boxd.it/9g7Hwf,,,,2024-03-31
2025-03-29,I'm Thinking of Ending Things,2020,https://boxd.it/9g7HB5,,,,2024-03-31
2025-03-29,Jackass Presents: Bad Grandpa,2013,https://boxd.it/9g7HEj,,,,2024-03-31
2025-03-29,Blade Runner 2049,2017,https://boxd.it/9g7HGT,,,,2024-03-31
2025-03-29,Taxi Driver,1976,https://boxd.it/9g7HJt,,,,2024-03-31
2025-03-29,GoodFellas,1990,https://boxd.it/9g7HLT,,,,2024-03-31
2025-03-29,X,2022,https://boxd.it/9g7HPL,,,,2024-03-31
2025-03-29,Glengarry Glen Ross,1992,https://boxd.it/9g7HTj,,,,2024-03-31
2025-03-29,Witchcraft Through the Ages,1968,https://boxd.it/9g7I0J,,,,2024-03-31
2025-03-29,Fargo,1996,https://boxd.it/9g7I4h,,,,2024-03-31
2025-03-29,Beyond the Black Rainbow,2010,https://boxd.it/9g7I9L,,,,2024-03-31
2025-03-29,The Disaster Artist,2017,https://boxd.it/9g7IdX,,,,2024-03-31
2025-03-29,Charlie Wilson's War,2007,https://boxd.it/9g7IjV,,,,2024-03-31
2025-03-29,The Parallax View,1974,https://boxd.it/9g7In9,,,,2024-03-31
2025-03-29,Dunkirk,2017,https://boxd.it/9g7Iqx,,,,2024-03-31
2025-03-29,Videodrome,1983,https://boxd.it/9g7ItB,,,,2024-03-31
2025-03-29,A Clockwork Orange,1971,https://boxd.it/9g7Izf,,,,2024-03-31
2025-03-29,To Live and Die in L.A.,1985,https://boxd.it/9g7ICj,,,,2024-03-31
2025-03-29,The Man Who Knew Too Much,1956,https://boxd.it/9g7IFH,,,,2024-03-31
2025-03-29,Blade Runner,1982,https://boxd.it/9g7IIB,,,,2024-03-31
2025-03-29,Eternal Sunshine of the Spotless Mind,2004,https://boxd.it/9g7IMt,,,,2024-03-31
2025-03-29,The Prestige,2006,https://boxd.it/9g7IPd,,,,2024-03-31
2025-03-29,Possessor,2020,https://boxd.it/9g7ITJ,,,,2024-03-31
2025-03-29,From Russia with Love,1963,https://boxd.it/9g7IW9,,,,2024-03-31
2025-03-29,Ex Machina,2015,https://boxd.it/9g7J0b,,,,2024-03-31
2025-03-29,Thief,1981,https://boxd.it/9g7J8f,,,,2024-03-31
2025-03-29,Road to Perdition,2002,https://boxd.it/9g7Jc7,,,,2024-03-31
2025-03-29,Color Out of Space,2019,https://boxd.it/9g7Jf1,,,,2024-03-31
2025-03-29,Pulp Fiction,1994,https://boxd.it/9g7Jl9,,,,2024-03-31
2025-03-29,Magnolia,1999,https://boxd.it/9g7Jo3,,,,2024-03-31
2025-03-29,Everything Everywhere All at Once,2022,https://boxd.it/9g7Jw7,,,,2024-03-31
2025-03-29,eXistenZ,1999,https://boxd.it/9g7Jyn,,,,2024-03-31
2025-03-29,Star Wars,1977,https://boxd.it/9g7JBh,,,,2024-03-31
2025-03-29,The Running Man,1987,https://boxd.it/9g7JFt,,,,2024-03-31
2025-03-29,The Hateful Eight,2015,https://boxd.it/9g7JJb,,,,2024-03-31
2025-03-29,Pirates of Silicon Valley,1999,https://boxd.it/9g7JNn,,,,2024-03-31
2025-03-29,The Brood,1979,https://boxd.it/9g7JSx,,,,2024-03-31
2025-03-29,The Butterfly Effect,2004,https://boxd.it/9g7JUN,,,,2024-03-31
2025-03-29,1917,2019,https://boxd.it/9g7JXn,,,,2024-03-31
2025-03-29,The Artifice Girl,2022,https://boxd.it/9g7K23,,,,2024-03-31
2025-03-29,Gravity,2013,https://boxd.it/9g7K4N,,,,2024-03-31
2025-03-29,Saving Private Ryan,1998,https://boxd.it/9g7KeD,,,,2024-03-31
2025-03-29,Antichrist,2009,https://boxd.it/9g7KhR,,,,2024-03-31
2025-03-29,In the Mood for Love,2000,https://boxd.it/9g7Kqz,,,,2024-03-31
2025-03-29,American Psycho,2000,https://boxd.it/9g7Kur,,,,2024-03-31
2025-03-29,The Wild Bunch,1969,https://boxd.it/9g7KyD,,,,2024-03-31
2025-03-29,The Ritual,2017,https://boxd.it/9g7KBR,,,,2024-03-31
2025-03-29,Kill List,2011,https://boxd.it/9g7KF5,,,,2024-03-31
2025-03-29,The Gray Man,2022,https://boxd.it/9g7KIX,,,,2024-03-31
2025-03-29,Star Wars: The Force Awakens,2015,https://boxd.it/9g7KLx,,,,2024-03-31
2025-03-29,Tron,1982,https://boxd.it/9g7KPf,,,,2024-03-31
2025-03-29,The House of the Devil,2009,https://boxd.it/9g7KTr,,,,2024-03-31
2025-03-29,Tetris,2023,https://boxd.it/9g7KWP,,,,2024-03-31
2025-03-29,Pink Floyd: Live at Pompeii,1972,https://boxd.it/9g7L0d,,,,2024-03-31
2025-03-29,GoldenEye,1995,https://boxd.it/9g7L4f,,,,2024-03-31
2025-03-29,Female Prisoner Scorpion: #701,1972,https://boxd.it/9g7L79,,,,2024-03-31
2025-03-29,The Cannonball Run,1981,https://boxd.it/9g7LdL,,,,2024-03-31
2025-03-29,Evil Dead Rise,2023,https://boxd.it/9g7LiV,,,,2024-03-31
2025-03-29,On Her Majesty's Secret Service,1969,https://boxd.it/9g7Lpn,,,,2024-03-31
2025-03-29,Mortal Kombat,2021,https://boxd.it/9g7LrN,,,,2024-03-31
2025-03-29,Scarface,1983,https://boxd.it/9g7Lvl,,,,2024-03-31
2025-03-29,Punch-Drunk Love,2002,https://boxd.it/9g7LDp,,,,2024-03-31
2025-03-29,Evil Dead,2013,https://boxd.it/9g7LKl,,,,2024-03-31
2025-03-29,The Crow,1994,https://boxd.it/9g7LM7,,,,2024-03-31
2025-03-29,"Synecdoche, New York",2008,https://boxd.it/9g7LQj,,,,2024-03-31
2025-03-29,Once Upon a Time... in Hollywood,2019,https://boxd.it/9g7LTR,,,,2024-03-31
2025-03-29,Ready Player One,2018,https://boxd.it/9g7LVt,,,,2024-03-31
2025-03-29,Pig,2021,https://boxd.it/9g7M1h,,,,2024-03-31
2025-03-29,Carlito's Way,1993,https://boxd.it/9g7M4l,,,,2024-03-31
2025-03-29,The Big Lebowski,1998,https://boxd.it/9g7M6V,,,,2024-03-31
2025-03-29,A Most Wanted Man,2014,https://boxd.it/9g7MbL,,,,2024-03-31
2025-03-29,Rosemary's Baby,1968,https://boxd.it/9g7Meb,,,,2024-03-31
2025-03-29,Django,1966,https://boxd.it/9g7Mjl,,,,2024-03-31
2025-03-29,Psycho,1960,https://boxd.it/9g7Mlh,,,,2024-03-31
2025-03-29,Superbad,2007,https://boxd.it/9g7Mol,,,,2024-03-31
2025-03-29,Oldboy,2003,https://boxd.it/9g7MzX,,,,2024-03-31
2025-03-29,The Guest,2014,https://boxd.it/9g7MDZ,,,,2024-03-31
2025-03-29,Event Horizon,1997,https://boxd.it/9g7MK7,,,,2024-03-31
2025-03-29,Mass Effect: Paragon Lost,2012,https://boxd.it/9g7MO9,,,,2024-03-31
2025-03-29,Quantum of Solace,2008,https://boxd.it/9g7MQp,,,,2024-03-31
2025-03-29,A Quiet Place,2018,https://boxd.it/9g7MUB,,,,2024-03-31
2025-03-29,Oppenheimer,2023,https://boxd.it/9g7MYj,,,,2024-03-31
2025-03-29,Argo,2012,https://boxd.it/9g7N0z,,,,2024-03-31
2025-03-29,The Tenant,1976,https://boxd.it/9g7N3j,,,,2024-03-31
2025-03-29,Southland Tales,2006,https://boxd.it/9g7N6H,,,,2024-03-31
2025-03-29,For a Few Dollars More,1965,https://boxd.it/9g7Nap,,,,2024-03-31
2025-03-29,Mad Max: Fury Road,2015,https://boxd.it/9g7NcP,,,,2024-03-31
2025-03-29,Casino Royale,2006,https://boxd.it/9g7Ner,,,,2024-03-31
2025-03-29,Häxan,1922,https://boxd.it/9g7NhP,,,,2024-03-31
2025-03-29,Primer,2004,https://boxd.it/9g7Nkz,,,,2024-03-31
2025-03-29,All Quiet on the Western Front,2022,https://boxd.it/9g7Nn9,,,,2024-03-31
2025-03-29,Dune,2021,https://boxd.it/9g7Nw1,,,,2024-03-31
2025-03-29,Solaris,1972,https://boxd.it/9g7Nzz,,,,2024-03-31
2025-03-29,Cube,1997,https://boxd.it/9g7NDL,,,,2024-03-31
2025-03-29,From Dusk Till Dawn,1996,https://boxd.it/9g7NGZ,,,,2024-03-31
2025-03-29,The Empire Strikes Back,1980,https://boxd.it/9g7NJT,,,,2024-03-31
2025-03-29,Shivers,1975,https://boxd.it/9g7NMD,,,,2024-03-31
2025-03-29,Role Models,2008,https://boxd.it/9g7NPR,,,,2024-03-31
2025-03-29,They Shall Not Grow Old,2018,https://boxd.it/9g7NTT,,,,2024-03-31
2025-03-29,The Thing,1982,https://boxd.it/9g7NWj,,,,2024-03-31
2025-03-29,Frailty,2001,https://boxd.it/9g7NZR,,,,2024-03-31
2025-03-29,Baby Driver,2017,https://boxd.it/9g7O3z,,,,2024-03-31
2025-03-29,Thunderball,1965,https://boxd.it/9g7O6N,,,,2024-03-31
2025-03-29,Adaptation.,2002,https://boxd.it/9g7O8z,,,,2024-03-31
2025-03-29,M3GAN,2022,https://boxd.it/9g7Obj,,,,2024-03-31
2025-03-29,The Maltese Falcon,1941,https://boxd.it/9g7Oex,,,,2024-03-31
2025-03-29,Demolition Man,1993,https://boxd.it/9g7Ojd,,,,2024-03-31
2025-03-29,Female Prisoner Scorpion: Jailhouse 41,1972,https://boxd.it/9g7Oxp,,,,2024-03-31
2025-03-29,Shutter Island,2010,https://boxd.it/9g7OEb,,,,2024-03-31
2025-03-29,Upgrade,2018,https://boxd.it/9g7OGL,,,,2024-03-31
2025-03-29,Dream Scenario,2023,https://boxd.it/9g7OJP,,,,2024-03-31
2025-03-29,The House That Jack Built,2018,https://boxd.it/9g7OS3,,,,2024-03-31
2025-03-29,The Others,2001,https://boxd.it/9g7OUN,,,,2024-03-31
2025-03-29,Burn After Reading,2008,https://boxd.it/9g7OZN,,,,2024-03-31
2025-03-29,The Public Enemy,1931,https://boxd.it/9g7P5r,,,,2024-03-31
2025-03-29,The Wicker Man,2006,https://boxd.it/9g7P7R,,,,2024-03-31
2025-03-29,The Martian,2015,https://boxd.it/9g7Pgp,,,,2024-03-31
2025-03-29,Drive,2011,https://boxd.it/9g7PlJ,,,,2024-03-31
2025-03-29,Talk to Me,2022,https://boxd.it/9g7Pp7,,,,2024-03-31
2025-03-29,Catch Me If You Can,2002,https://boxd.it/9g7Ps1,,,,2024-03-31
2025-03-29,The Evil Dead,1981,https://boxd.it/9g7Pw3,,,,2024-03-31
2025-03-30,Suspiria,2018,https://boxd.it/9gNTwF,,,,2024-03-31
2025-03-29,Dune: Part Two,2024,https://boxd.it/9g7Knl,,,,2024-04-27
2025-03-30,Dune: Part Two,2024,https://boxd.it/9gO55V,,,,2024-04-27
2025-03-29,The Northman,2022,https://boxd.it/9g7uzP,,,,2024-05-04
2025-03-29,Silicon Cowboys,2016,https://boxd.it/9g7LGt,,,,2024-05-16
2025-03-29,The Nice Guys,2016,https://boxd.it/9g7Pjt,,,,2024-05-25
2025-03-30,The Nice Guys,2016,https://boxd.it/9gOaWb,,,,2024-05-25
2025-03-29,Big Trouble in Little China,1986,https://boxd.it/9g7wDp,,,,2024-05-26
2025-03-30,Big Trouble in Little China,1986,https://boxd.it/9gNUdT,,,,2024-05-26
2025-03-29,Midnight Run,1988,https://boxd.it/9g7LAb,,,,2024-05-27
2025-03-30,Midnight Run,1988,https://boxd.it/9gO6ZP,,,,2024-05-27
2025-03-29,The Russia House,1990,https://boxd.it/9g7EHz,,,,2024-06-04
2025-03-29,Yellow Submarine,1968,https://boxd.it/9g7KaV,,,,2024-06-04
2025-03-30,The Russia House,1990,https://boxd.it/9gO0rH,,,,2024-06-04
2025-03-30,Yellow Submarine,1968,https://boxd.it/9gO4V7,,,,2024-06-04
2025-03-29,The Courier,2020,https://boxd.it/9g7MGf,,,,2024-06-05
2025-03-30,The Courier,2020,https://boxd.it/9gO8IB,,,,2024-06-05
2025-03-29,The Spy Who Came In from the Cold,1965,https://boxd.it/9g7Amd,,,,2024-06-07
2025-03-30,The Spy Who Came In from the Cold,1965,https://boxd.it/9gNXcf,,,,2024-06-07
2025-03-29,Bullitt,1968,https://boxd.it/9g7wiB,,,,2024-06-09
2025-03-30,Bullitt,1968,https://boxd.it/9gNTQZ,,,,2024-06-09
2025-03-29,Funeral in Berlin,1966,https://boxd.it/9g7Gun,,,,2024-06-11
2025-03-30,Funeral in Berlin,1966,https://boxd.it/9gO1Yx,,,,2024-06-11
2025-03-29,The Matrix,1999,https://boxd.it/9g7yFx,,,,2024-06-12
2025-03-30,The Matrix,1999,https://boxd.it/9gNVS9,,,,2024-06-12
2025-03-29,Godzilla Minus One,2023,https://boxd.it/9g7zJ1,,,,2024-06-13
2025-03-30,Godzilla Minus One,2023,https://boxd.it/9gNWJn,,,,2024-06-13
2025-03-29,We Need to Talk About Kevin,2011,https://boxd.it/9g7FMv,,,,2024-06-14
2025-03-30,We Need to Talk About Kevin,2011,https://boxd.it/9gO1lb,,,,2024-06-14
2025-03-29,Equilibrium,2002,https://boxd.it/9g7Hjb,,,,2024-06-15
2025-03-30,Equilibrium,2002,https://boxd.it/9gO2yv,,,,2024-06-15
2025-03-29,The Treasure of the Sierra Madre,1948,https://boxd.it/9g7Df5,,,,2024-06-16
2025-03-30,The Treasure of the Sierra Madre,1948,https://boxd.it/9gNZnJ,,,,2024-06-16
2025-03-29,Outland,1981,https://boxd.it/9g7GOR,,,,2024-06-18
2025-03-30,Outland,1981,https://boxd.it/9gO2eF,,,,2024-06-18
2025-03-29,After Hours,1985,https://boxd.it/9g7H5D,,,,2024-06-20
2025-03-30,After Hours,1985,https://boxd.it/9gO2pt,,,,2024-06-20
2025-03-29,Pi,1998,https://boxd.it/9g7OqX,,,,2024-06-21
2025-03-30,Pi,1998,https://boxd.it/9gOa99,,,,2024-06-21
2025-03-29,High Life,2018,https://boxd.it/9g7Lb1,,,,2024-06-22
2025-03-30,High Life,2018,https://boxd.it/9gO61Z,,,,2024-06-22
2025-03-29,The Ministry of Ungentlemanly Warfare,2024,https://boxd.it/9g7J35,,,,2024-06-25
2025-03-30,The Ministry of Ungentlemanly Warfare,2024,https://boxd.it/9gO3Wt,,,,2024-06-25
2025-03-29,Locke,2013,https://boxd.it/9g7DmP,,,,2024-06-26
2025-03-30,Locke,2013,https://boxd.it/9gNZvj,,,,2024-06-26
2025-03-29,Vanishing Point,1971,https://boxd.it/9g7vv5,,,,2024-06-27
2025-03-30,Vanishing Point,1971,https://boxd.it/9gNT9B,,,,2024-06-27
2025-03-29,The Ninth Configuration,1980,https://boxd.it/9g7HrT,,,,2024-07-06
2025-03-30,The Ninth Configuration,1980,https://boxd.it/9gO2JN,,,,2024-07-06
2025-03-29,Confessions of a Dangerous Mind,2002,https://boxd.it/9g7D3D,,,,2024-07-15
2025-03-29,The Long Goodbye,1973,https://boxd.it/9g7HY9,,,,2024-07-15
2025-03-30,Confessions of a Dangerous Mind,2002,https://boxd.it/9gNZe3,,,,2024-07-15
2025-03-30,The Long Goodbye,1973,https://boxd.it/9gO363,,,,2024-07-15
2025-03-29,12 Angry Men,1957,https://boxd.it/9g7ANX,,,,2024-07-27
2025-03-30,12 Angry Men,1957,https://boxd.it/9gNXvV,,,,2024-07-27
2025-03-29,Shadow of a Doubt,1943,https://boxd.it/9g7zSR,,,,2024-07-28
2025-03-30,Shadow of a Doubt,1943,https://boxd.it/9gNWQX,,,,2024-07-28
2025-03-29,Ronin,1998,https://boxd.it/9g7wZl,,,,2024-08-31
2025-03-30,Ronin,1998,https://boxd.it/9gNUtn,,,,2024-08-31
2025-03-29,The Conversation,1974,https://boxd.it/9g7F4D,,,,2024-09-08
2025-03-30,The Conversation,1974,https://boxd.it/9gO0Kp,,,,2024-09-08
2025-03-29,The Searchers,1956,https://boxd.it/9g7ER5,,,,2024-09-22
2025-03-30,The Searchers,1956,https://boxd.it/9gO0zr,,,,2024-09-22
2025-03-29,From Russia with Lev,2024,https://boxd.it/9g7Gnh,,,,2024-09-26
2025-03-30,From Russia with Lev,2024,https://boxd.it/9gO1Tn,,,,2024-09-26
2025-03-29,Children of Men,2006,https://boxd.it/9g7JQB,,,,2024-10-12
2025-03-30,Children of Men,2006,https://boxd.it/9gO4Dd,,,,2024-10-12
2025-03-29,The Thomas Crown Affair,1968,https://boxd.it/9g7Lmt,,,,2024-10-13
2025-03-30,The Thomas Crown Affair,1968,https://boxd.it/9gO6sV,,,,2024-10-13
2025-03-29,The Wailing,2016,https://boxd.it/9g7Frn,,,,2024-10-19
2025-03-30,The Wailing,2016,https://boxd.it/9gO11b,,,,2024-10-19
2025-03-29,Soylent Green,1973,https://boxd.it/9g7Daz,,,,2024-10-20
2025-03-30,Soylent Green,1973,https://boxd.it/9gNZkP,,,,2024-10-20
2025-03-29,The Exorcist,1973,https://boxd.it/9g7MvB,,,,2024-10-26
2025-03-30,The Exorcist,1973,https://boxd.it/9gO8wP,,,,2024-10-26
2025-03-29,Dark Star,1974,https://boxd.it/9g7K8l,,,,2024-10-27
2025-03-30,Dark Star,1974,https://boxd.it/9gO4SR,,,,2024-10-27
2025-03-29,Twin Peaks: Fire Walk with Me,1992,https://boxd.it/9g7Ckj,,,,2024-11-01
2025-03-30,Twin Peaks: Fire Walk with Me,1992,https://boxd.it/9gNYET,,,,2024-11-01
2025-03-29,There Will Be Blood,2007,https://boxd.it/9g7y1d,,,,2024-11-03
2025-03-30,There Will Be Blood,2007,https://boxd.it/9gNVjt,,,,2024-11-03
2025-03-29,Lost in Translation,2003,https://boxd.it/9g7Jsf,,,,2024-11-11
2025-03-30,Lost in Translation,2003,https://boxd.it/9gO4hL,,,,2024-11-11
2025-03-29,Harakiri,1962,https://boxd.it/9g7FHb,,,,2024-11-17
2025-03-30,Harakiri,1962,https://boxd.it/9gO1ih,,,,2024-11-17
2025-03-29,Three Days of the Condor,1975,https://boxd.it/9g7H1h,,,,2024-11-23
2025-03-30,Three Days of the Condor,1975,https://boxd.it/9gO2kt,,,,2024-11-23
2025-03-29,Yojimbo,1961,https://boxd.it/9g7OAj,,,,2024-12-08
2025-03-30,Yojimbo,1961,https://boxd.it/9gOaib,,,,2024-12-08
2025-03-29,The Living Daylights,1987,https://boxd.it/9g7xft,,,,2024-12-25
2025-03-30,The Living Daylights,1987,https://boxd.it/9gNUIx,,,,2024-12-25
2025-03-29,The Getaway,1972,https://boxd.it/9g7OnJ,,,,2024-12-26
2025-03-30,The Getaway,1972,https://boxd.it/9gOa65,,,,2024-12-26
2025-03-29,Strange Days,1995,https://boxd.it/9g7Oul,,,,2024-12-28
2025-03-30,Strange Days,1995,https://boxd.it/9gOadl,,,,2024-12-28
2025-03-29,Casablanca,1942,https://boxd.it/9g7Ej3,,,,2025-01-03
2025-03-30,Casablanca,1942,https://boxd.it/9gO0aB,,,,2025-01-03
2025-03-29,Colossus: The Forbin Project,1970,https://boxd.it/9g7zDd,,,,2025-01-05
2025-03-29,Broken Flowers,2005,https://boxd.it/9g7ONR,,,,2025-01-05
2025-03-30,Colossus: The Forbin Project,1970,https://boxd.it/9gNWCh,,,,2025-01-05
2025-03-30,Broken Flowers,2005,https://boxd.it/9gOax1,,,,2025-01-05
2025-03-29,Decoder,1984,https://boxd.it/9g7LXf,,,,2025-01-12
2025-03-30,Decoder,1984,https://boxd.it/9gO863,,,,2025-01-12
2025-03-29,David Lynch: The Art Life,2016,https://boxd.it/9g7wuR,,,,2025-01-18
2025-03-29,Eraserhead,1977,https://boxd.it/9g7HoP,,,,2025-01-18
2025-03-30,David Lynch: The Art Life,2016,https://boxd.it/9gNU5F,,,,2025-01-18
2025-03-30,Eraserhead,1977,https://boxd.it/9gO2Fh,,,,2025-01-18
2025-03-29,Blue Velvet,1986,https://boxd.it/9g7wpd,,,,2025-01-20
2025-03-30,Blue Velvet,1986,https://boxd.it/9gNTWN,,,,2025-01-20
2025-03-29,Nosferatu,2024,https://boxd.it/9g7BxL,,,,2025-01-24
2025-03-30,Nosferatu,2024,https://boxd.it/9gNY5T,,,,2025-01-24
2025-03-29,Wild at Heart,1990,https://boxd.it/9g7AXt,,,,2025-01-25
2025-03-30,Wild at Heart,1990,https://boxd.it/9gNXE9,,,,2025-01-25
2025-03-29,The Man from U.N.C.L.E.,2015,https://boxd.it/9g7ztn,,,,2025-02-08
2025-03-30,The Man from U.N.C.L.E.,2015,https://boxd.it/9gNWrN,,,,2025-02-08
2025-03-29,The Rock,1996,https://boxd.it/9g7Kkh,,,,2025-02-09
2025-03-30,The Rock,1996,https://boxd.it/9gO52d,,,,2025-02-09
2025-03-29,Terminator 2: Judgment Day,1991,https://boxd.it/9g7F81,,,,2025-02-14
2025-03-30,Terminator 2: Judgment Day,1991,https://boxd.it/9gO0ND,,,,2025-02-14
2025-03-29,To Catch a Thief,1955,https://boxd.it/9g7vQn,,,,2025-02-23
2025-03-30,To Catch a Thief,1955,https://boxd.it/9gNTqR,,,,2025-02-23
2025-03-29,Good Will Hunting,1997,https://boxd.it/9g7ytL,,,,2025-03-02
2025-03-30,Good Will Hunting,1997,https://boxd.it/9gNVID,,,,2025-03-02
2025-03-29,The Man from Earth,2007,https://boxd.it/9g7wrX,,,,2025-03-08
2025-03-30,The Man from Earth,2007,https://boxd.it/9gNU1t,,,,2025-03-08
2025-03-29,Heat,1995,https://boxd.it/9g7Pcd,,,,2025-03-13
2025-03-30,Heat,1995,https://boxd.it/9gOaPf,,,,2025-03-13
2025-03-29,Split Second,1992,https://boxd.it/9g7u5l,,,,2025-03-22
2025-03-30,Split Second,1992,https://boxd.it/9gNS0D,,,,2025-03-22
2025-03-29,Trancers,1984,https://boxd.it/9g7FCF,,,,2025-03-23
2025-03-30,Trancers,1984,https://boxd.it/9gO1cN,,,,2025-03-23
2025-03-29,Westworld,1973,https://boxd.it/9g7EL7,,,,2025-03-28
2025-03-30,Westworld,1973,https://boxd.it/9gO0ur,,,,2025-03-28
